<?xml version="1.0" standalone="yes"?>
<RECORDS>
<RECORD>
<id>1</id>
<psgcCode>012800000</psgcCode>
<provDesc>ILOCOS NORTE</provDesc>
<regCode>01</regCode>
<provCode>0128</provCode>
</RECORD>
<RECORD>
<id>2</id>
<psgcCode>012900000</psgcCode>
<provDesc>ILOCOS SUR</provDesc>
<regCode>01</regCode>
<provCode>0129</provCode>
</RECORD>
<RECORD>
<id>3</id>
<psgcCode>013300000</psgcCode>
<provDesc>LA UNION</provDesc>
<regCode>01</regCode>
<provCode>0133</provCode>
</RECORD>
<RECORD>
<id>4</id>
<psgcCode>015500000</psgcCode>
<provDesc>PANGASINAN</provDesc>
<regCode>01</regCode>
<provCode>0155</provCode>
</RECORD>
<RECORD>
<id>5</id>
<psgcCode>020900000</psgcCode>
<provDesc>BATANES</provDesc>
<regCode>02</regCode>
<provCode>0209</provCode>
</RECORD>
<RECORD>
<id>6</id>
<psgcCode>021500000</psgcCode>
<provDesc>CAGAYAN</provDesc>
<regCode>02</regCode>
<provCode>0215</provCode>
</RECORD>
<RECORD>
<id>7</id>
<psgcCode>023100000</psgcCode>
<provDesc>ISABELA</provDesc>
<regCode>02</regCode>
<provCode>0231</provCode>
</RECORD>
<RECORD>
<id>8</id>
<psgcCode>025000000</psgcCode>
<provDesc>NUEVA VIZCAYA</provDesc>
<regCode>02</regCode>
<provCode>0250</provCode>
</RECORD>
<RECORD>
<id>9</id>
<psgcCode>025700000</psgcCode>
<provDesc>QUIRINO</provDesc>
<regCode>02</regCode>
<provCode>0257</provCode>
</RECORD>
<RECORD>
<id>10</id>
<psgcCode>030800000</psgcCode>
<provDesc>BATAAN</provDesc>
<regCode>03</regCode>
<provCode>0308</provCode>
</RECORD>
<RECORD>
<id>11</id>
<psgcCode>031400000</psgcCode>
<provDesc>BULACAN</provDesc>
<regCode>03</regCode>
<provCode>0314</provCode>
</RECORD>
<RECORD>
<id>12</id>
<psgcCode>034900000</psgcCode>
<provDesc>NUEVA ECIJA</provDesc>
<regCode>03</regCode>
<provCode>0349</provCode>
</RECORD>
<RECORD>
<id>13</id>
<psgcCode>035400000</psgcCode>
<provDesc>PAMPANGA</provDesc>
<regCode>03</regCode>
<provCode>0354</provCode>
</RECORD>
<RECORD>
<id>14</id>
<psgcCode>036900000</psgcCode>
<provDesc>TARLAC</provDesc>
<regCode>03</regCode>
<provCode>0369</provCode>
</RECORD>
<RECORD>
<id>15</id>
<psgcCode>037100000</psgcCode>
<provDesc>ZAMBALES</provDesc>
<regCode>03</regCode>
<provCode>0371</provCode>
</RECORD>
<RECORD>
<id>16</id>
<psgcCode>037700000</psgcCode>
<provDesc>AURORA</provDesc>
<regCode>03</regCode>
<provCode>0377</provCode>
</RECORD>
<RECORD>
<id>17</id>
<psgcCode>041000000</psgcCode>
<provDesc>BATANGAS</provDesc>
<regCode>04</regCode>
<provCode>0410</provCode>
</RECORD>
<RECORD>
<id>18</id>
<psgcCode>042100000</psgcCode>
<provDesc>CAVITE</provDesc>
<regCode>04</regCode>
<provCode>0421</provCode>
</RECORD>
<RECORD>
<id>19</id>
<psgcCode>043400000</psgcCode>
<provDesc>LAGUNA</provDesc>
<regCode>04</regCode>
<provCode>0434</provCode>
</RECORD>
<RECORD>
<id>20</id>
<psgcCode>045600000</psgcCode>
<provDesc>QUEZON</provDesc>
<regCode>04</regCode>
<provCode>0456</provCode>
</RECORD>
<RECORD>
<id>21</id>
<psgcCode>045800000</psgcCode>
<provDesc>RIZAL</provDesc>
<regCode>04</regCode>
<provCode>0458</provCode>
</RECORD>
<RECORD>
<id>22</id>
<psgcCode>174000000</psgcCode>
<provDesc>MARINDUQUE</provDesc>
<regCode>17</regCode>
<provCode>1740</provCode>
</RECORD>
<RECORD>
<id>23</id>
<psgcCode>175100000</psgcCode>
<provDesc>OCCIDENTAL MINDORO</provDesc>
<regCode>17</regCode>
<provCode>1751</provCode>
</RECORD>
<RECORD>
<id>24</id>
<psgcCode>175200000</psgcCode>
<provDesc>ORIENTAL MINDORO</provDesc>
<regCode>17</regCode>
<provCode>1752</provCode>
</RECORD>
<RECORD>
<id>25</id>
<psgcCode>175300000</psgcCode>
<provDesc>PALAWAN</provDesc>
<regCode>17</regCode>
<provCode>1753</provCode>
</RECORD>
<RECORD>
<id>26</id>
<psgcCode>175900000</psgcCode>
<provDesc>ROMBLON</provDesc>
<regCode>17</regCode>
<provCode>1759</provCode>
</RECORD>
<RECORD>
<id>27</id>
<psgcCode>050500000</psgcCode>
<provDesc>ALBAY</provDesc>
<regCode>05</regCode>
<provCode>0505</provCode>
</RECORD>
<RECORD>
<id>28</id>
<psgcCode>051600000</psgcCode>
<provDesc>CAMARINES NORTE</provDesc>
<regCode>05</regCode>
<provCode>0516</provCode>
</RECORD>
<RECORD>
<id>29</id>
<psgcCode>051700000</psgcCode>
<provDesc>CAMARINES SUR</provDesc>
<regCode>05</regCode>
<provCode>0517</provCode>
</RECORD>
<RECORD>
<id>30</id>
<psgcCode>052000000</psgcCode>
<provDesc>CATANDUANES</provDesc>
<regCode>05</regCode>
<provCode>0520</provCode>
</RECORD>
<RECORD>
<id>31</id>
<psgcCode>054100000</psgcCode>
<provDesc>MASBATE</provDesc>
<regCode>05</regCode>
<provCode>0541</provCode>
</RECORD>
<RECORD>
<id>32</id>
<psgcCode>056200000</psgcCode>
<provDesc>SORSOGON</provDesc>
<regCode>05</regCode>
<provCode>0562</provCode>
</RECORD>
<RECORD>
<id>33</id>
<psgcCode>060400000</psgcCode>
<provDesc>AKLAN</provDesc>
<regCode>06</regCode>
<provCode>0604</provCode>
</RECORD>
<RECORD>
<id>34</id>
<psgcCode>060600000</psgcCode>
<provDesc>ANTIQUE</provDesc>
<regCode>06</regCode>
<provCode>0606</provCode>
</RECORD>
<RECORD>
<id>35</id>
<psgcCode>061900000</psgcCode>
<provDesc>CAPIZ</provDesc>
<regCode>06</regCode>
<provCode>0619</provCode>
</RECORD>
<RECORD>
<id>36</id>
<psgcCode>063000000</psgcCode>
<provDesc>ILOILO</provDesc>
<regCode>06</regCode>
<provCode>0630</provCode>
</RECORD>
<RECORD>
<id>37</id>
<psgcCode>064500000</psgcCode>
<provDesc>NEGROS OCCIDENTAL</provDesc>
<regCode>06</regCode>
<provCode>0645</provCode>
</RECORD>
<RECORD>
<id>38</id>
<psgcCode>067900000</psgcCode>
<provDesc>GUIMARAS</provDesc>
<regCode>06</regCode>
<provCode>0679</provCode>
</RECORD>
<RECORD>
<id>39</id>
<psgcCode>071200000</psgcCode>
<provDesc>BOHOL</provDesc>
<regCode>07</regCode>
<provCode>0712</provCode>
</RECORD>
<RECORD>
<id>40</id>
<psgcCode>072200000</psgcCode>
<provDesc>CEBU</provDesc>
<regCode>07</regCode>
<provCode>0722</provCode>
</RECORD>
<RECORD>
<id>41</id>
<psgcCode>074600000</psgcCode>
<provDesc>NEGROS ORIENTAL</provDesc>
<regCode>07</regCode>
<provCode>0746</provCode>
</RECORD>
<RECORD>
<id>42</id>
<psgcCode>076100000</psgcCode>
<provDesc>SIQUIJOR</provDesc>
<regCode>07</regCode>
<provCode>0761</provCode>
</RECORD>
<RECORD>
<id>43</id>
<psgcCode>082600000</psgcCode>
<provDesc>EASTERN SAMAR</provDesc>
<regCode>08</regCode>
<provCode>0826</provCode>
</RECORD>
<RECORD>
<id>44</id>
<psgcCode>083700000</psgcCode>
<provDesc>LEYTE</provDesc>
<regCode>08</regCode>
<provCode>0837</provCode>
</RECORD>
<RECORD>
<id>45</id>
<psgcCode>084800000</psgcCode>
<provDesc>NORTHERN SAMAR</provDesc>
<regCode>08</regCode>
<provCode>0848</provCode>
</RECORD>
<RECORD>
<id>46</id>
<psgcCode>086000000</psgcCode>
<provDesc>SAMAR (WESTERN SAMAR)</provDesc>
<regCode>08</regCode>
<provCode>0860</provCode>
</RECORD>
<RECORD>
<id>47</id>
<psgcCode>086400000</psgcCode>
<provDesc>SOUTHERN LEYTE</provDesc>
<regCode>08</regCode>
<provCode>0864</provCode>
</RECORD>
<RECORD>
<id>48</id>
<psgcCode>087800000</psgcCode>
<provDesc>BILIRAN</provDesc>
<regCode>08</regCode>
<provCode>0878</provCode>
</RECORD>
<RECORD>
<id>49</id>
<psgcCode>097200000</psgcCode>
<provDesc>ZAMBOANGA DEL NORTE</provDesc>
<regCode>09</regCode>
<provCode>0972</provCode>
</RECORD>
<RECORD>
<id>50</id>
<psgcCode>097300000</psgcCode>
<provDesc>ZAMBOANGA DEL SUR</provDesc>
<regCode>09</regCode>
<provCode>0973</provCode>
</RECORD>
<RECORD>
<id>51</id>
<psgcCode>098300000</psgcCode>
<provDesc>ZAMBOANGA SIBUGAY</provDesc>
<regCode>09</regCode>
<provCode>0983</provCode>
</RECORD>
<RECORD>
<id>52</id>
<psgcCode>099700000</psgcCode>
<provDesc>CITY OF ISABELA</provDesc>
<regCode>09</regCode>
<provCode>0997</provCode>
</RECORD>
<RECORD>
<id>53</id>
<psgcCode>101300000</psgcCode>
<provDesc>BUKIDNON</provDesc>
<regCode>10</regCode>
<provCode>1013</provCode>
</RECORD>
<RECORD>
<id>54</id>
<psgcCode>101800000</psgcCode>
<provDesc>CAMIGUIN</provDesc>
<regCode>10</regCode>
<provCode>1018</provCode>
</RECORD>
<RECORD>
<id>55</id>
<psgcCode>103500000</psgcCode>
<provDesc>LANAO DEL NORTE</provDesc>
<regCode>10</regCode>
<provCode>1035</provCode>
</RECORD>
<RECORD>
<id>56</id>
<psgcCode>104200000</psgcCode>
<provDesc>MISAMIS OCCIDENTAL</provDesc>
<regCode>10</regCode>
<provCode>1042</provCode>
</RECORD>
<RECORD>
<id>57</id>
<psgcCode>104300000</psgcCode>
<provDesc>MISAMIS ORIENTAL</provDesc>
<regCode>10</regCode>
<provCode>1043</provCode>
</RECORD>
<RECORD>
<id>58</id>
<psgcCode>112300000</psgcCode>
<provDesc>DAVAO DEL NORTE</provDesc>
<regCode>11</regCode>
<provCode>1123</provCode>
</RECORD>
<RECORD>
<id>59</id>
<psgcCode>112400000</psgcCode>
<provDesc>DAVAO DEL SUR</provDesc>
<regCode>11</regCode>
<provCode>1124</provCode>
</RECORD>
<RECORD>
<id>60</id>
<psgcCode>112500000</psgcCode>
<provDesc>DAVAO ORIENTAL</provDesc>
<regCode>11</regCode>
<provCode>1125</provCode>
</RECORD>
<RECORD>
<id>61</id>
<psgcCode>118200000</psgcCode>
<provDesc>COMPOSTELA VALLEY</provDesc>
<regCode>11</regCode>
<provCode>1182</provCode>
</RECORD>
<RECORD>
<id>62</id>
<psgcCode>118600000</psgcCode>
<provDesc>DAVAO OCCIDENTAL</provDesc>
<regCode>11</regCode>
<provCode>1186</provCode>
</RECORD>
<RECORD>
<id>63</id>
<psgcCode>124700000</psgcCode>
<provDesc>COTABATO (NORTH COTABATO)</provDesc>
<regCode>12</regCode>
<provCode>1247</provCode>
</RECORD>
<RECORD>
<id>64</id>
<psgcCode>126300000</psgcCode>
<provDesc>SOUTH COTABATO</provDesc>
<regCode>12</regCode>
<provCode>1263</provCode>
</RECORD>
<RECORD>
<id>65</id>
<psgcCode>126500000</psgcCode>
<provDesc>SULTAN KUDARAT</provDesc>
<regCode>12</regCode>
<provCode>1265</provCode>
</RECORD>
<RECORD>
<id>66</id>
<psgcCode>128000000</psgcCode>
<provDesc>SARANGANI</provDesc>
<regCode>12</regCode>
<provCode>1280</provCode>
</RECORD>
<RECORD>
<id>67</id>
<psgcCode>129800000</psgcCode>
<provDesc>COTABATO CITY</provDesc>
<regCode>12</regCode>
<provCode>1298</provCode>
</RECORD>
<RECORD>
<id>68</id>
<psgcCode>133900000</psgcCode>
<provDesc>NCR, CITY OF MANILA, FIRST DISTRICT</provDesc>
<regCode>13</regCode>
<provCode>1339</provCode>
</RECORD>
<RECORD>
<id>69</id>
<psgcCode>133900000</psgcCode>
<provDesc>CITY OF MANILA</provDesc>
<regCode>13</regCode>
<provCode>1339</provCode>
</RECORD>
<RECORD>
<id>70</id>
<psgcCode>137400000</psgcCode>
<provDesc>NCR, SECOND DISTRICT</provDesc>
<regCode>13</regCode>
<provCode>1374</provCode>
</RECORD>
<RECORD>
<id>71</id>
<psgcCode>137500000</psgcCode>
<provDesc>NCR, THIRD DISTRICT</provDesc>
<regCode>13</regCode>
<provCode>1375</provCode>
</RECORD>
<RECORD>
<id>72</id>
<psgcCode>137600000</psgcCode>
<provDesc>NCR, FOURTH DISTRICT</provDesc>
<regCode>13</regCode>
<provCode>1376</provCode>
</RECORD>
<RECORD>
<id>73</id>
<psgcCode>140100000</psgcCode>
<provDesc>ABRA</provDesc>
<regCode>14</regCode>
<provCode>1401</provCode>
</RECORD>
<RECORD>
<id>74</id>
<psgcCode>141100000</psgcCode>
<provDesc>BENGUET</provDesc>
<regCode>14</regCode>
<provCode>1411</provCode>
</RECORD>
<RECORD>
<id>75</id>
<psgcCode>142700000</psgcCode>
<provDesc>IFUGAO</provDesc>
<regCode>14</regCode>
<provCode>1427</provCode>
</RECORD>
<RECORD>
<id>76</id>
<psgcCode>143200000</psgcCode>
<provDesc>KALINGA</provDesc>
<regCode>14</regCode>
<provCode>1432</provCode>
</RECORD>
<RECORD>
<id>77</id>
<psgcCode>144400000</psgcCode>
<provDesc>MOUNTAIN PROVINCE</provDesc>
<regCode>14</regCode>
<provCode>1444</provCode>
</RECORD>
<RECORD>
<id>78</id>
<psgcCode>148100000</psgcCode>
<provDesc>APAYAO</provDesc>
<regCode>14</regCode>
<provCode>1481</provCode>
</RECORD>
<RECORD>
<id>79</id>
<psgcCode>150700000</psgcCode>
<provDesc>BASILAN</provDesc>
<regCode>15</regCode>
<provCode>1507</provCode>
</RECORD>
<RECORD>
<id>80</id>
<psgcCode>153600000</psgcCode>
<provDesc>LANAO DEL SUR</provDesc>
<regCode>15</regCode>
<provCode>1536</provCode>
</RECORD>
<RECORD>
<id>81</id>
<psgcCode>153800000</psgcCode>
<provDesc>MAGUINDANAO</provDesc>
<regCode>15</regCode>
<provCode>1538</provCode>
</RECORD>
<RECORD>
<id>82</id>
<psgcCode>156600000</psgcCode>
<provDesc>SULU</provDesc>
<regCode>15</regCode>
<provCode>1566</provCode>
</RECORD>
<RECORD>
<id>83</id>
<psgcCode>157000000</psgcCode>
<provDesc>TAWI-TAWI</provDesc>
<regCode>15</regCode>
<provCode>1570</provCode>
</RECORD>
<RECORD>
<id>84</id>
<psgcCode>160200000</psgcCode>
<provDesc>AGUSAN DEL NORTE</provDesc>
<regCode>16</regCode>
<provCode>1602</provCode>
</RECORD>
<RECORD>
<id>85</id>
<psgcCode>160300000</psgcCode>
<provDesc>AGUSAN DEL SUR</provDesc>
<regCode>16</regCode>
<provCode>1603</provCode>
</RECORD>
<RECORD>
<id>86</id>
<psgcCode>166700000</psgcCode>
<provDesc>SURIGAO DEL NORTE</provDesc>
<regCode>16</regCode>
<provCode>1667</provCode>
</RECORD>
<RECORD>
<id>87</id>
<psgcCode>166800000</psgcCode>
<provDesc>SURIGAO DEL SUR</provDesc>
<regCode>16</regCode>
<provCode>1668</provCode>
</RECORD>
<RECORD>
<id>88</id>
<psgcCode>168500000</psgcCode>
<provDesc>DINAGAT ISLANDS</provDesc>
<regCode>16</regCode>
<provCode>1685</provCode>
</RECORD>
</RECORDS>